dataset,test_accuracy_augmented
OG,0.730672335065344
PCA,0.7225633758463235
ICA,0.7202802708234923
