model,dataset,accuracy,ari
kmeans,OG,0.6745,0.10965465686342572
gmm,OG,0.6745,0.10965465686342572
nn,OG,0.723,
nn+clust,OG,0.7155,
kmeans,PCA,0.6245,0.05474719738133236
gmm,PCA,0.6725,0.11604904497754517
nn,PCA,0.719,
nn+clust,PCA,0.7205,
kmeans,ICA,0.673,0.11672360671510493
gmm,ICA,0.673,0.11672360671510493
nn,ICA,0.7205,
nn+clust,ICA,0.709,
kmeans,RP,0.6615,0.10326513924120581
gmm,RP,0.674,0.1089887685637526
nn,RP,0.7155,
nn+clust,RP,0.711,
