model,dataset,accuracy,ari
kmeans,OG,0.6851062486186101,0.1365581354151822
gmm,OG,0.6851062486186101,0.1365581354151822
nn,OG,0.7293423005272963,
nn+clust,OG,0.7310157557386884,
kmeans,PCA,0.6666666666666666,0.09860780217195685
gmm,PCA,0.674812920337217,0.11962989765193299
nn,PCA,0.7240693378800795,
nn+clust,PCA,0.7274793975561239,
kmeans,ICA,0.6766650921114785,0.12234631387118927
gmm,ICA,0.6865847897968824,0.13887303027664089
nn,ICA,0.72114627617698,
nn+clust,ICA,0.7208313651393481,
